Industry (EN),Industry (CN),Industry Code,Theme (EN),Theme (CN),Symbol,Name (EN),Name (CN),Market
,,nan,,,,,,TPEx
,,91,,,911608,BH Global,明輝-DR,TWSE
,,91,,,9105,CCET,泰金寶-DR,TWSE
,,91,,,910861,DCH,神州-DR,TWSE
,,91,,,9136,Ju Teng,巨騰-DR,TWSE
,,91,,,9103,MEDTECS,美德醫療-DR,TWSE
,,91,,,911868,Neo-Neon,同方友友-DR,TWSE
,,91,,,912000,SIM TECH,晨訊科-DR,TWSE
,,91,,,911622,TYCN,泰聚亨-DR,TWSE
,,91,,,910322,Tingyi,康師傅-DR,TWSE
,,91,,,9110,VMEP Holdings,越南控-DR,TWSE
Automobile,汽車工業,12,,,2241,Amulaire,艾姆勒,TWSE
Automobile,汽車工業,12,,,1587,CM,吉茂,TWSE
Automobile,汽車工業,12,,,2204,CMC,中華,TWSE
Automobile,汽車工業,12,,,2254,COPLUS,巨鎧精密-創,TWSE
Automobile,汽車工業,12,,,2231,CUB,為升,TWSE
Automobile,汽車工業,12,,,2239,Cayman Engley,英利-KY,TWSE
Automobile,汽車工業,12,,,6605,DEPO,帝寶,TWSE
Automobile,汽車工業,12,,,2497,E-LEAD,怡利電,TWSE
Automobile,汽車工業,12,,,3717,EOI Holding,聯嘉投控,TWSE
Automobile,汽車工業,12,,,2258,Foxtron,鴻華先進-創,TWSE
Automobile,汽車工業,12,,,4551,GLOBAL PMX,智伸科,TWSE
Automobile,汽車工業,12,,,1524,GORDON,耿鼎,TWSE
Automobile,汽車工業,12,,,1536,HOTA,和大,TWSE
Automobile,汽車工業,12,,,2207,HOTAI MOTOR,和泰車,TWSE
Automobile,汽車工業,12,,,2243,HS,宏旭-KY,TWSE
Automobile,汽車工業,12,,,7736,HUSHAN,虎山,TWSE
Automobile,汽車工業,12,,,1338,Hiroca,廣華-KY,TWSE
Automobile,汽車工業,12,,,2250,IKKA-KY,IKKA-KY,TWSE
Automobile,汽車工業,12,,,2228,IRF,劍麟,TWSE
Automobile,汽車工業,12,,,1512,JL,瑞利,TWSE
Automobile,汽車工業,12,,,7732,KING SHING,金興精密,TWSE
Automobile,汽車工業,12,,,1525,KSC,江申,TWSE
Automobile,汽車工業,12,,,2115,LU HAI,六暉-KY,TWSE
Automobile,汽車工業,12,,,3346,Laster Tech,麗清,TWSE
Automobile,汽車工業,12,,,1533,MORE,車王電,TWSE
Automobile,汽車工業,12,,,2247,PGUM,汎德永業,TWSE
Automobile,汽車工業,12,,,2236,Patec,百達-KY,TWSE
Automobile,汽車工業,12,,,1563,SAI,巧新,TWSE
Automobile,汽車工業,12,,,2206,SYM,三陽工業,TWSE
Automobile,汽車工業,12,,,4569,Sixxon,六方科-KY,TWSE
Automobile,汽車工業,12,,,1568,T.Y.,倉佑,TWSE
Automobile,汽車工業,12,,,1521,TA YIH,大億,TWSE
Automobile,汽車工業,12,,,2233,TURVO,宇隆,TWSE
Automobile,汽車工業,12,,,1522,TYC,堤維西,TWSE
Automobile,汽車工業,12,,,1319,TYG,東陽,TWSE
Automobile,汽車工業,12,,,6988,WELLYSUN,威力暘-創,TWSE
Automobile,汽車工業,12,,,4581,WKG,光隆精密-KY,TWSE
Automobile,汽車工業,12,,,1339,Y.C.C.,昭輝,TWSE
Automobile,汽車工業,12,,,2201,YL,裕隆,TWSE
Automobile,汽車工業,12,,,2227,YNM,裕日車,TWSE
Automobile,汽車工業,12,,,4557,Yusin,永新-KY,TWSE
Automobile,汽車工業,12,,,2248,eLAND,華勝-KY,TWSE
Biotechnology & Medical Care,生技醫療業,22,,,6918,A Plus Biotech,愛派司,TWSE
Biotechnology & Medical Care,生技醫療業,22,,,4148,ACBT,全宇生技-KY,TWSE
Biotechnology & Medical Care,生技醫療業,22,,,4142,ADIM,國光生,TWSE
Biotechnology & Medical Care,生技醫療業,22,,,4133,Abnova,亞諾法,TWSE
Biotechnology & Medical Care,生技醫療業,22,,,1733,ApexBio,五鼎,TWSE
Biotechnology & Medical Care,生技醫療業,22,,,6598,Applied BioCode,ABC-KY,TWSE
Biotechnology & Medical Care,生技醫療業,22,,,4737,BIONIME,華廣,TWSE
Biotechnology & Medical Care,生技醫療業,22,,,6955,BONRAYBIO,邦睿生技-創,TWSE
Biotechnology & Medical Care,生技醫療業,22,,,6885,BRIM,全福生技,TWSE
Biotechnology & Medical Care,生技醫療業,22,,,6472,Bora,保瑞,TWSE
Biotechnology & Medical Care,生技醫療業,22,,,1762,CCSB,中化生,TWSE
Biotechnology & Medical Care,生技醫療業,22,,,6534,CHBIO,正瀚-創,TWSE
Biotechnology & Medical Care,生技醫療業,22,,,4164,CHC,承業醫,TWSE
Biotechnology & Medical Care,生技醫療業,22,,,4137,CHLITINA-KY,麗豐-KY,TWSE
Biotechnology & Medical Care,生技醫療業,22,,,6919,Caliway,康霈*,TWSE
Biotechnology & Medical Care,生技醫療業,22,,,3716,Cenra Inc.,中化控股,TWSE
Biotechnology & Medical Care,生技醫療業,22,,,6657,ENERGENESIS,華安,TWSE
Biotechnology & Medical Care,生技醫療業,22,,,4104,EXCELSIOR 　,佳醫,TWSE
Biotechnology & Medical Care,生技醫療業,22,,,6589,EirGenix,台康生技,TWSE
Biotechnology & Medical Care,生技醫療業,22,,,4746,FRMSL,台耀,TWSE
Biotechnology & Medical Care,生技醫療業,22,,,6838,FRMSP,台新藥,TWSE
Biotechnology & Medical Care,生技醫療業,22,,,1707,GKB,葡萄王,TWSE
Biotechnology & Medical Care,生技醫療業,22,,,3164,GenMont　,景岳,TWSE
Biotechnology & Medical Care,生技醫療業,22,,,6934,HCMED,心誠鎂,TWSE
Biotechnology & Medical Care,生技醫療業,22,,,7799,HNMC,禾榮科,TWSE
Biotechnology & Medical Care,生技醫療業,22,,,6861,INCX,睿生光電,TWSE
Biotechnology & Medical Care,生技醫療業,22,,,4190,JDS,佐登-KY,TWSE
Biotechnology & Medical Care,生技醫療業,22,,,6645,KIM FOREST,金萬林-創,TWSE
Biotechnology & Medical Care,生技醫療業,22,,,6431,KL,光麗-KY,TWSE
Biotechnology & Medical Care,生技醫療業,22,,,6666,LLF-KY,羅麗芬-KY,TWSE
Biotechnology & Medical Care,生技醫療業,22,,,1795,Lotus Pharm,美時,TWSE
Biotechnology & Medical Care,生技醫療業,22,,,1783,MBI,和康生,TWSE
Biotechnology & Medical Care,生技醫療業,22,,,1731,Maywufa,美吾華,TWSE
Biotechnology & Medical Care,生技醫療業,22,,,6796,MiiS,晉弘,TWSE
Biotechnology & Medical Care,生技醫療業,22,,,1752,NANG KUANG　　,南光,TWSE
Biotechnology & Medical Care,生技醫療業,22,,,4155,OK BIOTECH,訊映,TWSE
Biotechnology & Medical Care,生技醫療業,22,,,1760,PBF,寶齡富錦,TWSE
Biotechnology & Medical Care,生技醫療業,22,,,6446,PEC,藥華藥,TWSE
Biotechnology & Medical Care,生技醫療業,22,,,6491,PEGAVISION,晶碩,TWSE
Biotechnology & Medical Care,生技醫療業,22,,,6949,PELL BMT,沛爾生醫-創,TWSE
Biotechnology & Medical Care,生技醫療業,22,,,6550,PG,北極星藥業-KY,TWSE
Biotechnology & Medical Care,生技醫療業,22,,,4108,PhytoHealth,懷特,TWSE
Biotechnology & Medical Care,生技醫療業,22,,,6931,Qing Song,青松健康,TWSE
Biotechnology & Medical Care,生技醫療業,22,,,1720,S.C.P.C,生達,TWSE
Biotechnology & Medical Care,生技醫療業,22,,,4119,SCI,旭富,TWSE
Biotechnology & Medical Care,生技醫療業,22,,,1734,SINPHAR　,杏輝,TWSE
Biotechnology & Medical Care,生技醫療業,22,,,1789,SPT,神隆,TWSE
Biotechnology & Medical Care,生技醫療業,22,,,1786,SVBI,科妍,TWSE
Biotechnology & Medical Care,生技醫療業,22,,,4169,TCM,泰宗,TWSE
Biotechnology & Medical Care,生技醫療業,22,,,4736,TaiDoc,泰博,TWSE
Biotechnology & Medical Care,生技醫療業,22,,,6541,Tanvex,泰福-KY,TWSE
Biotechnology & Medical Care,生技醫療業,22,,,6794,UnicoCell,向榮生技,TWSE
Biotechnology & Medical Care,生技醫療業,22,,,4771,VF,望隼,TWSE
Biotechnology & Medical Care,生技醫療業,22,,,6782,VISCO,視陽,TWSE
Biotechnology & Medical Care,生技醫療業,22,,,6936,Vetnostrum,永鴻生技,TWSE
Biotechnology & Medical Care,生技醫療業,22,,,4106,WELLELL,雃博,TWSE
Biotechnology & Medical Care,生技醫療業,22,,,3705,Y.S.H.,永信,TWSE
Building Materials & Construction,建材營造,14,,,1442,ADVANCETEK,名軒,TWSE
Building Materials & Construction,建材營造,14,,,3052,APEX,夆典,TWSE
Building Materials & Construction,建材營造,14,,,1439,ASCENT,雋揚,TWSE
Building Materials & Construction,建材營造,14,,,2515,BES,中工,TWSE
Building Materials & Construction,建材營造,14,,,1805,BLG,寶徠,TWSE
Building Materials & Construction,建材營造,14,,,2501,CATHAY RED,國建,TWSE
Building Materials & Construction,建材營造,14,,,2509,CHAINQUI,全坤建,TWSE
Building Materials & Construction,建材營造,14,,,3703,CHC,欣陸,TWSE
Building Materials & Construction,建材營造,14,,,5515,CHIEN KUO 　　,建國,TWSE
Building Materials & Construction,建材營造,14,,,5534,CHONG HONG,長虹,TWSE
Building Materials & Construction,建材營造,14,,,2528,CROWELL,皇普,TWSE
Building Materials & Construction,建材營造,14,,,2535,DA-CIN,達欣工,TWSE
Building Materials & Construction,建材營造,14,,,6177,"DA-LI CO.,LTD.",達麗,TWSE
Building Materials & Construction,建材營造,14,,,2530,DELPHA,華建,TWSE
Building Materials & Construction,建材營造,14,,,5533,FOUNDING　　,皇鼎,TWSE
Building Materials & Construction,建材營造,14,,,5522,Farglory,遠雄,TWSE
Building Materials & Construction,建材營造,14,,,3056,Fu Hua,富華新,TWSE
Building Materials & Construction,建材營造,14,,,2504,GBM,國產,TWSE
Building Materials & Construction,建材營造,14,,,2534,HSC,宏盛,TWSE
Building Materials & Construction,建材營造,14,,,9906,HSIN BA BA,欣巴巴,TWSE
Building Materials & Construction,建材營造,14,,,1436,HUA YU LIEN,華友聯,TWSE
Building Materials & Construction,建材營造,14,,,2548,HUAKU　　,華固,TWSE
Building Materials & Construction,建材營造,14,,,2545,HUANG HSIANG,皇翔,TWSE
Building Materials & Construction,建材營造,14,,,2543,HWANG CHANG,皇昌,TWSE
Building Materials & Construction,建材營造,14,,,2542,Highwealth,興富發,TWSE
Building Materials & Construction,建材營造,14,,,2536,Hong Pu,宏普,TWSE
Building Materials & Construction,建材營造,14,,,2527,Hung Ching,宏璟,TWSE
Building Materials & Construction,建材營造,14,,,1456,I-HWA,怡華,TWSE
Building Materials & Construction,建材營造,14,,,2442,JEAN,新美齊,TWSE
Building Materials & Construction,建材營造,14,,,2540,JSL,愛山林,TWSE
Building Materials & Construction,建材營造,14,,,2546,KEDGE,根基,TWSE
Building Materials & Construction,建材營造,14,,,2520,KINDOM,冠德,TWSE
Building Materials & Construction,建材營造,14,,,5521,KSECO　　,工信,TWSE
Building Materials & Construction,建材營造,14,,,2524,KTC,京城,TWSE
Building Materials & Construction,建材營造,14,,,2538,KeeTai,基泰,TWSE
Building Materials & Construction,建材營造,14,,,5519,LD,隆大,TWSE
Building Materials & Construction,建材營造,14,,,2516,New Asia,新建,TWSE
Building Materials & Construction,建材營造,14,,,2506,PCC,太設,TWSE
Building Materials & Construction,建材營造,14,,,2511,PHD,太子,TWSE
Building Materials & Construction,建材營造,14,,,2547,RADIUM,日勝生,TWSE
Building Materials & Construction,建材營造,14,,,2597,REC,潤弘,TWSE
Building Materials & Construction,建材營造,14,,,1808,RUN LONG,潤隆,TWSE
Building Materials & Construction,建材營造,14,,,2539,SAKURAD,櫻花建,TWSE
Building Materials & Construction,建材營造,14,,,9946,SANFAR,三發地產,TWSE
Building Materials & Construction,建材營造,14,,,1316,SUN  YAD,上曜,TWSE
Building Materials & Construction,建材營造,14,,,3266,SUNTY,昇陽,TWSE
Building Materials & Construction,建材營造,14,,,5525,SWEETEN　,順天,TWSE
Building Materials & Construction,建材營造,14,,,1438,SanDi,三地開發,TWSE
Building Materials & Construction,建材營造,14,,,5531,Shining,鄉林,TWSE
Building Materials & Construction,建材營造,14,,,2923,Sino Horizon,鼎固-KY,TWSE
Building Materials & Construction,建材營造,14,,,1453,TA  JIANG,大將,TWSE
Building Materials & Construction,建材營造,14,,,1472,TRIOCEAN,三洋實業,TWSE
Building Materials & Construction,建材營造,14,,,2537,WE & WIN,聯上發,TWSE
Building Materials & Construction,建材營造,14,,,5546,YGI,永固-KY,TWSE
Building Materials & Construction,建材營造,14,,,2505,ky,國揚,TWSE
Cement,水泥工業,01,,,1102,ACC,亞泥,TWSE
Cement,水泥工業,01,,,1103,CHC,嘉泥,TWSE
Cement,水泥工業,01,,,1109,HsingTa,信大,TWSE
Cement,水泥工業,01,,,1108,LUCKY CEMENT,幸福,TWSE
Cement,水泥工業,01,,,1110,SE CEMENT,東泥,TWSE
Cement,水泥工業,01,,,1101,TCC,台泥,TWSE
Cement,水泥工業,01,,,1104,UCC,環泥,TWSE
Chemicals,化學工業,21,,,4763,ACE,材料*-KY,TWSE
Chemicals,化學工業,21,,,4770,ASC,上品,TWSE
Chemicals,化學工業,21,,,1713,CCW,國化,TWSE
Chemicals,化學工業,21,,,1727,CHCIW,中華化,TWSE
Chemicals,化學工業,21,,,1718,CMFC,中纖,TWSE
Chemicals,化學工業,21,,,4739,COREMAX,康普,TWSE
Chemicals,化學工業,21,,,1723,CSCC,中碳,TWSE
Chemicals,化學工業,21,,,4764,DBC,雙鍵,TWSE
Chemicals,化學工業,21,,,1717,ETERNAL,長興,TWSE
Chemicals,化學工業,21,,,1711,EVERLIGHT,永光,TWSE
Chemicals,化學工業,21,,,1730,FARCENT,花仙子,TWSE
Chemicals,化學工業,21,,,1709,FUCC,和益,TWSE
Chemicals,化學工業,21,,,1714,HO TUNG,和桐,TWSE
Chemicals,化學工業,21,,,1776,Headway,展宇,TWSE
Chemicals,化學工業,21,,,1732,Mao Bao,毛寶,TWSE
Chemicals,化學工業,21,,,4766,NAN PAO,南寶,TWSE
Chemicals,化學工業,21,,,1710,OUCC,東聯,TWSE
Chemicals,化學工業,21,,,4722,QPC,國精化,TWSE
Chemicals,化學工業,21,,,4755,SAN FU,三福化,TWSE
Chemicals,化學工業,21,,,1708,SESODA,東鹼,TWSE
Chemicals,化學工業,21,,,1773,SHINY  CHEMICAL,勝一,TWSE
Chemicals,化學工業,21,,,1712,SINON,興農,TWSE
Chemicals,化學工業,21,,,1721,SUNKO,三晃,TWSE
Chemicals,化學工業,21,,,4720,TEX YEAR　　,德淵,TWSE
Chemicals,化學工業,21,,,1722,TFC,台肥,TWSE
Chemicals,化學工業,21,,,1726,Y.C.P.,永記,TWSE
Chemicals,化學工業,21,,,1725,YJE,元禎,TWSE
Chemicals,化學工業,21,,,1735,　　EMC,日勝化,TWSE
Communications & Internet,通信網路業,27,,,2345,ACCTON,智邦,TWSE
Communications & Internet,通信網路業,27,,,6426,APOGEE,統新,TWSE
Communications & Internet,通信網路業,27,,,3669,AVer,圓展,TWSE
Communications & Internet,通信網路業,27,,,2444,AboCom,兆勁,TWSE
Communications & Internet,通信網路業,27,,,3380,Alpha,明泰,TWSE
Communications & Internet,通信網路業,27,,,3596,Arcadyan,智易,TWSE
Communications & Internet,通信網路業,27,,,8101,Arima Comm.　　,華冠,TWSE
Communications & Internet,通信網路業,27,,,6863,Arizon RFID,永道-KY,TWSE
Communications & Internet,通信網路業,27,,,3138,Auden,耀登,TWSE
Communications & Internet,通信網路業,27,,,3694,AzureWave,海華,TWSE
Communications & Internet,通信網路業,27,,,3027,BILLION,盛達,TWSE
Communications & Internet,通信網路業,27,,,6142,CAMEO,友勁,TWSE
Communications & Internet,通信網路業,27,,,6416,CASWELL,瑞祺電通,TWSE
Communications & Internet,通信網路業,27,,,6674,CBN,鋐寶科技,TWSE
Communications & Internet,通信網路業,27,,,2412,CHT,中華電,TWSE
Communications & Internet,通信網路業,27,,,3062,CyberTAN　　,建漢,TWSE
Communications & Internet,通信網路業,27,,,2332,D-LINK,友訊,TWSE
Communications & Internet,通信網路業,27,,,6216,DrayTek Corp.,居易,TWSE
Communications & Internet,通信網路業,27,,,3047,EDIMAX　,訊舟,TWSE
Communications & Internet,通信網路業,27,,,6442,EZconn,光聖,TWSE
Communications & Internet,通信網路業,27,,,6136,FTC　　,富爾特,TWSE
Communications & Internet,通信網路業,27,,,4904,Far EasTone　,遠傳,TWSE
Communications & Internet,通信網路業,27,,,4906,GEMTEK　,正文,TWSE
Communications & Internet,通信網路業,27,,,2419,H.T.,仲琦,TWSE
Communications & Internet,通信網路業,27,,,2498,HTC,宏達電,TWSE
Communications & Internet,通信網路業,27,,,3025,LOOP,星通,TWSE
Communications & Internet,通信網路業,27,,,2424,LUNG HWA,隴華,TWSE
Communications & Internet,通信網路業,27,,,2439,MERRY,美律,TWSE
Communications & Internet,通信網路業,27,,,2314,MTI,台揚,TWSE
Communications & Internet,通信網路業,27,,,4977,PCL,眾達-KY,TWSE
Communications & Internet,通信網路業,27,,,6152,PRIME,百一,TWSE
Communications & Internet,通信網路業,27,,,2450,SENAO,神腦,TWSE
Communications & Internet,通信網路業,27,,,5388,Sercomm,中磊,TWSE
Communications & Internet,通信網路業,27,,,3311,Silitech,閎暉,TWSE
Communications & Internet,通信網路業,27,,,2321,TECOM,東訊,TWSE
Communications & Internet,通信網路業,27,,,8011,TTCC,台通,TWSE
Communications & Internet,通信網路業,27,,,3045,TWM,台灣大,TWSE
Communications & Internet,通信網路業,27,,,8045,TWOWAY,達運光電,TWSE
Communications & Internet,通信網路業,27,,,6792,Unictron,詠業,TWSE
Communications & Internet,通信網路業,27,,,2455,VPEC,全新,TWSE
Communications & Internet,通信網路業,27,,,3419,WHAYU,譁裕,TWSE
Communications & Internet,通信網路業,27,,,3447,XAVi,展達,TWSE
Communications & Internet,通信網路業,27,,,2485,ZINWELL,兆赫,TWSE
Communications & Internet,通信網路業,27,,,3704,Zyxel Group,合勤控,TWSE
Communications & Internet,通信網路業,27,,,6285,　WNC　,啟碁,TWSE
Computer & Peripheral Equipment,電腦及週邊設備業,25,,,6579,AAEON,研揚,TWSE
Computer & Peripheral Equipment,電腦及週邊設備業,25,,,2353,ACER,宏碁,TWSE
Computer & Peripheral Equipment,電腦及週邊設備業,25,,,6166,ADLINK　　,凌華,TWSE
Computer & Peripheral Equipment,電腦及週邊設備業,25,,,2432,AGT,倚天酷碁-創,TWSE
Computer & Peripheral Equipment,電腦及週邊設備業,25,,,3002,AHOKU,歐格,TWSE
Computer & Peripheral Equipment,電腦及週邊設備業,25,,,9912,AIC,偉聯,TWSE
Computer & Peripheral Equipment,電腦及週邊設備業,25,,,6933,AMAX,AMAX-KY,TWSE
Computer & Peripheral Equipment,電腦及週邊設備業,25,,,3046,AOPEN,建碁,TWSE
Computer & Peripheral Equipment,電腦及週邊設備業,25,,,3515,ASROCK,華擎,TWSE
Computer & Peripheral Equipment,電腦及週邊設備業,25,,,7711,ASROCK RACK,永擎,TWSE
Computer & Peripheral Equipment,電腦及週邊設備業,25,,,2357,ASUSTEK,華碩,TWSE
Computer & Peripheral Equipment,電腦及週邊設備業,25,,,6277,ATEN,宏正,TWSE
Computer & Peripheral Equipment,電腦及週邊設備業,25,,,3017,AVC,奇鋐,TWSE
Computer & Peripheral Equipment,電腦及週邊設備業,25,,,2417,AVERMEDIA,圓剛,TWSE
Computer & Peripheral Equipment,電腦及週邊設備業,25,,,2380,AVISION,虹光,TWSE
Computer & Peripheral Equipment,電腦及週邊設備業,25,,,2395,Advantech,研華,TWSE
Computer & Peripheral Equipment,電腦及週邊設備業,25,,,2399,BIOSTAR,映泰,TWSE
Computer & Peripheral Equipment,電腦及週邊設備業,25,,,2425,CHAINTECH,承啟,TWSE
Computer & Peripheral Equipment,電腦及週邊設備業,25,,,8210,CHENBRO　,勤誠,TWSE
Computer & Peripheral Equipment,電腦及週邊設備業,25,,,2362,CLEVO CO.,藍天,TWSE
Computer & Peripheral Equipment,電腦及週邊設備業,25,,,5258,Castles,虹堡,TWSE
Computer & Peripheral Equipment,電腦及週邊設備業,25,,,2324,Compal,仁寶,TWSE
Computer & Peripheral Equipment,電腦及週邊設備業,25,,,8163,DARFON,達方,TWSE
Computer & Peripheral Equipment,電腦及週邊設備業,25,,,2397,DFI Inc.,友通,TWSE
Computer & Peripheral Equipment,電腦及週邊設備業,25,,,2331,ECS,精英,TWSE
Computer & Peripheral Equipment,電腦及週邊設備業,25,,,6414,ENNOCONN,樺漢,TWSE
Computer & Peripheral Equipment,電腦及週邊設備業,25,,,3701,FICG,大眾控,TWSE
Computer & Peripheral Equipment,電腦及週邊設備業,25,,,3712,FITH,永崴投控,TWSE
Computer & Peripheral Equipment,電腦及週邊設備業,25,,,6206,FLYTECH　,飛捷,TWSE
Computer & Peripheral Equipment,電腦及週邊設備業,25,,,2376,GIGABYTE,技嘉,TWSE
Computer & Peripheral Equipment,電腦及週邊設備業,25,,,6128,GPI　　,上福,TWSE
Computer & Peripheral Equipment,電腦及週邊設備業,25,,,3005,Getac,神基,TWSE
Computer & Peripheral Equipment,電腦及週邊設備業,25,,,3494,HiTi,誠研,TWSE
Computer & Peripheral Equipment,電腦及週邊設備業,25,,,3022,IEI,威強電,TWSE
Computer & Peripheral Equipment,電腦及週邊設備業,25,,,6117,IN WIN,迎廣,TWSE
Computer & Peripheral Equipment,電腦及週邊設備業,25,,,2356,INVENTEC,英業達,TWSE
Computer & Peripheral Equipment,電腦及週邊設備業,25,,,2495,Infortrend,普安,TWSE
Computer & Peripheral Equipment,電腦及週邊設備業,25,,,5215,KO JA,科嘉-KY,TWSE
Computer & Peripheral Equipment,電腦及週邊設備業,25,,,2365,KYE,昆盈,TWSE
Computer & Peripheral Equipment,電腦及週邊設備業,25,,,2465,LEADTEK,麗臺,TWSE
Computer & Peripheral Equipment,電腦及週邊設備業,25,,,2301,LTC,光寶科,TWSE
Computer & Peripheral Equipment,電腦及週邊設備業,25,,,3706,MHC,神達,TWSE
Computer & Peripheral Equipment,電腦及週邊設備業,25,,,6831,MICROLOOPS,邁科,TWSE
Computer & Peripheral Equipment,電腦及週邊設備業,25,,,2305,MII,全友,TWSE
Computer & Peripheral Equipment,電腦及週邊設備業,25,,,3060,MIN AIK,銘異,TWSE
Computer & Peripheral Equipment,電腦及週邊設備業,25,,,2377,MSI,微星,TWSE
Computer & Peripheral Equipment,電腦及週邊設備業,25,,,6230,NCCI,尼得科超眾,TWSE
Computer & Peripheral Equipment,電腦及週邊設備業,25,,,4916,PARPRO,事欣科,TWSE
Computer & Peripheral Equipment,電腦及週邊設備業,25,,,8114,POSIFLEX,振樺電,TWSE
Computer & Peripheral Equipment,電腦及週邊設備業,25,,,4938,Pegatron,和碩,TWSE
Computer & Peripheral Equipment,電腦及週邊設備業,25,,,3057,Promise　　,喬鼎,TWSE
Computer & Peripheral Equipment,電腦及週邊設備業,25,,,2382,QCI,廣達,TWSE
Computer & Peripheral Equipment,電腦及週邊設備業,25,,,2352,Qisda,佳世達,TWSE
Computer & Peripheral Equipment,電腦及週邊設備業,25,,,6591,SUN MAX,動力-KY,TWSE
Computer & Peripheral Equipment,電腦及週邊設備業,25,,,2387,SUNREX,精元,TWSE
Computer & Peripheral Equipment,電腦及週邊設備業,25,,,2405,Shuttle,輔信,TWSE
Computer & Peripheral Equipment,電腦及週邊設備業,25,,,2364,Twinhead,倫飛,TWSE
Computer & Peripheral Equipment,電腦及週邊設備業,25,,,3013,UNEEC,晟銘電,TWSE
Computer & Peripheral Equipment,電腦及週邊設備業,25,,,6928,UTI,攸泰科技,TWSE
Computer & Peripheral Equipment,電腦及週邊設備業,25,,,3652,Unitech elec.,精聯,TWSE
Computer & Peripheral Equipment,電腦及週邊設備業,25,,,6235,Waffer,華孚,TWSE
Computer & Peripheral Equipment,電腦及週邊設備業,25,,,3416,Winmate,融程電,TWSE
Computer & Peripheral Equipment,電腦及週邊設備業,25,,,3231,Wistron,緯創,TWSE
Computer & Peripheral Equipment,電腦及週邊設備業,25,,,6669,Wiwynn,緯穎,TWSE
Digital & Cloud Services,數位雲端,36,,,3130,104　　,一零四,TWSE
Digital & Cloud Services,數位雲端,36,,,7765,CHT Security,中華資安,TWSE
Digital & Cloud Services,數位雲端,36,,,7823,CyCraft-KY,奧義賽博-KY創,TWSE
Digital & Cloud Services,數位雲端,36,,,6689,ECV,伊雲谷,TWSE
Digital & Cloud Services,數位雲端,36,,,8487,ELTA,愛爾達-創,TWSE
Digital & Cloud Services,數位雲端,36,,,6902,Gogolook,GOGOLOOK,TWSE
Digital & Cloud Services,數位雲端,36,,,6906,Groundhog,現觀科,TWSE
Digital & Cloud Services,數位雲端,36,,,6614,IISI,資拓宏宇,TWSE
Digital & Cloud Services,數位雲端,36,,,7722,LINEPAY,LINEPAY,TWSE
Digital & Cloud Services,數位雲端,36,,,6165,Lang,浪凡,TWSE
Digital & Cloud Services,數位雲端,36,,,7721,MICROPROGRAM,微程式,TWSE
Digital & Cloud Services,數位雲端,36,,,8454,momo,富邦媒,TWSE
Electrical & Cable,電器電纜,06,,,1626,AIRMATE,艾美特-KY,TWSE
Electrical & Cable,電器電纜,06,,,1611,CE,中電,TWSE
Electrical & Cable,電器電纜,06,,,1603,CWCO,華電,TWSE
Electrical & Cable,電器電纜,06,,,1615,Dah  San,大山,TWSE
Electrical & Cable,電器電纜,06,,,1616,EVERTOP,億泰,TWSE
Electrical & Cable,電器電纜,06,,,1608,HE,華榮,TWSE
Electrical & Cable,電器電纜,06,,,1618,HK,合機,TWSE
Electrical & Cable,電器電纜,06,,,1612,HONG TAI,宏泰,TWSE
Electrical & Cable,電器電纜,06,,,5283,Heran,禾聯碩,TWSE
Electrical & Cable,電器電纜,06,,,1617,JSW,榮星,TWSE
Electrical & Cable,電器電纜,06,,,1604,SAMPO,聲寶,TWSE
Electrical & Cable,電器電纜,06,,,4930,Star  Comgistic,燦星網,TWSE
Electrical & Cable,電器電纜,06,,,1609,TA YA,大亞,TWSE
Electrical & Cable,電器電纜,06,,,1623,TEWC,大東電,TWSE
Electrical & Cable,電器電纜,06,,,1614,Taiwan Sanyo,三洋電,TWSE
Electrical & Cable,電器電纜,06,,,1605,WALSIN,華新,TWSE
Electrical Machinery,電機機械,05,,,8374,ACE PILLAR,羅昇,TWSE
Electrical Machinery,電機機械,05,,,1514,AEC,亞力,TWSE
Electrical Machinery,電機機械,05,,,1590,AIRTAC,亞德客-KY,TWSE
Electrical Machinery,電機機械,05,,,1528,ANDERSON,恩德,TWSE
Electrical Machinery,電機機械,05,,,4583,APEXDYNA,台灣精銳,TWSE
Electrical Machinery,電機機械,05,,,1530,AWEA,亞崴,TWSE
Electrical Machinery,電機機械,05,,,8222,Aero Win,寶一,TWSE
Electrical Machinery,電機機械,05,,,1527,BASSO,鑽全,TWSE
Electrical Machinery,電機機械,05,,,1535,CEC,中宇,TWSE
Electrical Machinery,電機機械,05,,,4555,CHELIC,氣立,TWSE
Electrical Machinery,電機機械,05,,,1513,CHEM,中興電,TWSE
Electrical Machinery,電機機械,05,,,1532,CMP,勤美,TWSE
Electrical Machinery,電機機械,05,,,1541,Chang Type,錩泰,TWSE
Electrical Machinery,電機機械,05,,,4572,DPI,駐龍,TWSE
Electrical Machinery,電機機械,05,,,5288,Eurocharm,豐祥-KY,TWSE
Electrical Machinery,電機機械,05,,,1519,FE,華城,TWSE
Electrical Machinery,電機機械,05,,,4590,FUKUTA,富田-創,TWSE
Electrical Machinery,電機機械,05,,,4566,GLOBAL TEK,時碩工業,TWSE
Electrical Machinery,電機機械,05,,,1583,GOODWAY,程泰,TWSE
Electrical Machinery,電機機械,05,,,1539,GT　　,巨庭,TWSE
Electrical Machinery,電機機械,05,,,2049,HIWIN,上銀,TWSE
Electrical Machinery,電機機械,05,,,4576,HMC,大銀微系統,TWSE
Electrical Machinery,電機機械,05,,,8996,KAORI　,高力,TWSE
Electrical Machinery,電機機械,05,,,1531,KAULIN,高林股,TWSE
Electrical Machinery,電機機械,05,,,6606,KENT,建德工業,TWSE
Electrical Machinery,電機機械,05,,,4571,KHGEARS,鈞興-KY,TWSE
Electrical Machinery,電機機械,05,,,1560,KINIK,中砂,TWSE
Electrical Machinery,電機機械,05,,,1537,KUNG LONG,廣隆,TWSE
Electrical Machinery,電機機械,05,,,1529,LUXE,樂事綠能,TWSE
Electrical Machinery,電機機械,05,,,1517,Lee Chi,利奇,TWSE
Electrical Machinery,電機機械,05,,,4552,Lida,力達-KY,TWSE
Electrical Machinery,電機機械,05,,,4564,MOSA,元翎,TWSE
Electrical Machinery,電機機械,05,,,4532,RECHI,瑞智,TWSE
Electrical Machinery,電機機械,05,,,1515,REXON,力山,TWSE
Electrical Machinery,電機機械,05,,,1506,RIGHT WAY,正道,TWSE
Electrical Machinery,電機機械,05,,,1503,SEEC,士電,TWSE
Electrical Machinery,電機機械,05,,,4560,STRONG H,強信-KY,TWSE
Electrical Machinery,電機機械,05,,,1526,SUNRACE,日馳,TWSE
Electrical Machinery,電機機械,05,,,7750,Syntec,新代,TWSE
Electrical Machinery,電機機械,05,,,3167,TA LIANG　　,大量,TWSE
Electrical Machinery,電機機械,05,,,2371,TATUNG COMPANY,大同,TWSE
Electrical Machinery,電機機械,05,,,4540,TBI MOTION,全球傳動,TWSE
Electrical Machinery,電機機械,05,,,1504,TECO,東元,TWSE
Electrical Machinery,電機機械,05,,,4526,TONGTAI,東台,TWSE
Electrical Machinery,電機機械,05,,,1589,YGG,永冠-KY,TWSE
Electrical Machinery,電機機械,05,,,4562,YHT,穎漢,TWSE
Electrical Machinery,電機機械,05,,,1558,ZENG HSING,伸興,TWSE
Electrical Machinery,電機機械,05,,,1597,cpc,直得,TWSE
Electrical Machinery,電機機械,05,,,1540,　ROUNDTOP　,喬福,TWSE
Electrical Machinery,電機機械,05,,,1538,　　JF,正峰,TWSE
Electronic Parts/Components,電子零組件業,28,,,3605,ACES,宏致,TWSE
Electronic Parts/Components,電子零組件業,28,,,6781,AES-KY,AES-KY,TWSE
Electronic Parts/Components,電子零組件業,28,,,2493,AMPOC,揚博,TWSE
Electronic Parts/Components,電子零組件業,28,,,6449,APAQ,鈺邦,TWSE
Electronic Parts/Components,電子零組件業,28,,,6108,APCB INC.　　,競國,TWSE
Electronic Parts/Components,電子零組件業,28,,,6282,Acbel,康舒,TWSE
Electronic Parts/Components,電子零組件業,28,,,4927,Apex,泰鼎-KY,TWSE
Electronic Parts/Components,電子零組件業,28,,,3308,BESTEC,聯德,TWSE
Electronic Parts/Components,電子零組件業,28,,,2467,C SUN,志聖,TWSE
Electronic Parts/Components,電子零組件業,28,,,3229,CHEER TIME,晟鈦,TWSE
Electronic Parts/Components,電子零組件業,28,,,2385,CHICONY,群光,TWSE
Electronic Parts/Components,電子零組件業,28,,,2355,CHIN-POON,敬鵬,TWSE
Electronic Parts/Components,電子零組件業,28,,,6835,CMI,圓裕,TWSE
Electronic Parts/Components,電子零組件業,28,,,2313,COMPEQ,華通,TWSE
Electronic Parts/Components,電子零組件業,28,,,3032,COMPUCASE　　,偉訓,TWSE
Electronic Parts/Components,電子零組件業,28,,,4943,CONCRAFT,康控-KY,TWSE
Electronic Parts/Components,電子零組件業,28,,,3550,COPARTNER,聯穎,TWSE
Electronic Parts/Components,電子零組件業,28,,,6205,COXOC,詮欣,TWSE
Electronic Parts/Components,電子零組件業,28,,,8249,CSI　　,菱光,TWSE
Electronic Parts/Components,電子零組件業,28,,,2415,CX TECH,錩新,TWSE
Electronic Parts/Components,電子零組件業,28,,,6153,Career Tech.　,嘉聯益,TWSE
Electronic Parts/Components,電子零組件業,28,,,6412,Chicony Power,群電,TWSE
Electronic Parts/Components,電子零組件業,28,,,3607,Coxon,谷崧,TWSE
Electronic Parts/Components,電子零組件業,28,,,8103,CviLux,瀚荃,TWSE
Electronic Parts/Components,電子零組件業,28,,,2308,DELTA,台達電,TWSE
Electronic Parts/Components,電子零組件業,28,,,3715,Dynamic Holding,定穎投控,TWSE
Electronic Parts/Components,電子零組件業,28,,,2483,ECE,百容,TWSE
Electronic Parts/Components,電子零組件業,28,,,6924,EIKEI-KY,榮惠-KY創,TWSE
Electronic Parts/Components,電子零組件業,28,,,2383,EMC,台光電,TWSE
Electronic Parts/Components,電子零組件業,28,,,7795,EPM,長廣,TWSE
Electronic Parts/Components,電子零組件業,28,,,6834,EVEROHMS,天二科技,TWSE
Electronic Parts/Components,電子零組件業,28,,,6269,FLEXIUM,台郡,TWSE
Electronic Parts/Components,電子零組件業,28,,,2392,FOXLINK,正崴,TWSE
Electronic Parts/Components,電子零組件業,28,,,3015,FSP,全漢,TWSE
Electronic Parts/Components,電子零組件業,28,,,6805,Fositek,富世達,TWSE
Electronic Parts/Components,電子零組件業,28,,,6133,GBE　,金橋,TWSE
Electronic Parts/Components,電子零組件業,28,,,6191,GBM,精成科,TWSE
Electronic Parts/Components,電子零組件業,28,,,2368,GCE,金像電,TWSE
Electronic Parts/Components,電子零組件業,28,,,2460,GEM,建通,TWSE
Electronic Parts/Components,電子零組件業,28,,,2476,GS,鉅祥,TWSE
Electronic Parts/Components,電子零組件業,28,,,3026,HOLY STONE　,禾伸堂,TWSE
Electronic Parts/Components,電子零組件業,28,,,3092,HOTRON　　,鴻碩,TWSE
Electronic Parts/Components,電子零組件業,28,,,5469,HSB,瀚宇博,TWSE
Electronic Parts/Components,電子零組件業,28,,,6115,I-SHENG,鎰勝,TWSE
Electronic Parts/Components,電子零組件業,28,,,2402,ICHIA,毅嘉,TWSE
Electronic Parts/Components,電子零組件業,28,,,6213,ITEQ,聯茂,TWSE
Electronic Parts/Components,電子零組件業,28,,,3653,JENTECH,健策,TWSE
Electronic Parts/Components,電子零組件業,28,,,3011,JH,今皓,TWSE
Electronic Parts/Components,電子零組件業,28,,,6197,JPC,佳必琪,TWSE
Electronic Parts/Components,電子零組件業,28,,,2375,KAIMEI,凱美,TWSE
Electronic Parts/Components,電子零組件業,28,,,6155,KC　　,鈞寶,TWSE
Electronic Parts/Components,電子零組件業,28,,,3003,KST,健和興,TWSE
Electronic Parts/Components,電子零組件業,28,,,4989,LCYT,榮科,TWSE
Electronic Parts/Components,電子零組件業,28,,,3058,LEI　　,立德,TWSE
Electronic Parts/Components,電子零組件業,28,,,2472,LELON,立隆電,TWSE
Electronic Parts/Components,電子零組件業,28,,,2431,LIEN CHANG,聯昌,TWSE
Electronic Parts/Components,電子零組件業,28,,,2462,LINETEK,良得電,TWSE
Electronic Parts/Components,電子零組件業,28,,,3533,LOTES,嘉澤,TWSE
Electronic Parts/Components,電子零組件業,28,,,4912,Lemtech-KY,聯德控股-KY,TWSE
Electronic Parts/Components,電子零組件業,28,,,6715,Lintes,嘉基,TWSE
Electronic Parts/Components,電子零組件業,28,,,3593,Logah,力銘,TWSE
Electronic Parts/Components,電子零組件業,28,,,4545,MAP,銘鈺,TWSE
Electronic Parts/Components,電子零組件業,28,,,8046,N.P.C,南電,TWSE
Electronic Parts/Components,電子零組件業,28,,,3090,NDB　　,日電貿,TWSE
Electronic Parts/Components,電子零組件業,28,,,3679,Nishoku,新至陞,TWSE
Electronic Parts/Components,電子零組件業,28,,,2457,PHIHONG,飛宏,TWSE
Electronic Parts/Components,電子零組件業,28,,,2328,PI,廣宇,TWSE
Electronic Parts/Components,電子零組件業,28,,,6141,PLOTECH　,柏承,TWSE
Electronic Parts/Components,電子零組件業,28,,,3296,POWERTECH,勝德,TWSE
Electronic Parts/Components,電子零組件業,28,,,6224,PTTC.,聚鼎,TWSE
Electronic Parts/Components,電子零組件業,28,,,4915,Primax,致伸,TWSE
Electronic Parts/Components,電子零組件業,28,,,3023,SINBON,信邦,TWSE
Electronic Parts/Components,電子零組件業,28,,,2484,SIWARD,希華,TWSE
Electronic Parts/Components,電子零組件業,28,,,1471,SL,首利,TWSE
Electronic Parts/Components,電子零組件業,28,,,7788,SONG CHUAN,松川精密,TWSE
Electronic Parts/Components,電子零組件業,28,,,2440,SPACE SHUTTLE,太空梭,TWSE
Electronic Parts/Components,電子零組件業,28,,,2421,SUNON,建準,TWSE
Electronic Parts/Components,電子零組件業,28,,,1582,SYNCMOLD,信錦,TWSE
Electronic Parts/Components,電子零組件業,28,,,3376,SZS,新日興,TWSE
Electronic Parts/Components,電子零組件業,28,,,4999,Sinher,鑫禾,TWSE
Electronic Parts/Components,電子零組件業,28,,,2478,TA-I,大毅,TWSE
Electronic Parts/Components,電子零組件業,28,,,3432,TAI TWUN,台端,TWSE
Electronic Parts/Components,電子零組件業,28,,,8039,TAIFLEX　,台虹,TWSE
Electronic Parts/Components,電子零組件業,28,,,3338,TAISOL,泰碩,TWSE
Electronic Parts/Components,電子零組件業,28,,,2428,THINKING,興勤,TWSE
Electronic Parts/Components,電子零組件業,28,,,3645,TMT,達邁,TWSE
Electronic Parts/Components,電子零組件業,28,,,6862,TRIO-KY,三集瑞-KY,TWSE
Electronic Parts/Components,電子零組件業,28,,,3042,TXC,晶技,TWSE
Electronic Parts/Components,電子零組件業,28,,,3044,Tripod,健鼎,TWSE
Electronic Parts/Components,電子零組件業,28,,,2413,UMEC,環科,TWSE
Electronic Parts/Components,電子零組件業,28,,,3321,UNIFLEX,同泰,TWSE
Electronic Parts/Components,電子零組件業,28,,,3037,UNIMICRON,欣興,TWSE
Electronic Parts/Components,電子零組件業,28,,,2367,UNITECH,燿華,TWSE
Electronic Parts/Components,電子零組件業,28,,,6672,Ventec,騰輝電子-KY,TWSE
Electronic Parts/Components,電子零組件業,28,,,3021,WELLTEND　　,鴻名,TWSE
Electronic Parts/Components,電子零組件業,28,,,6272,WIESON,驊陞,TWSE
Electronic Parts/Components,電子零組件業,28,,,2492,WTC,華新科,TWSE
Electronic Parts/Components,電子零組件業,28,,,2316,WUS,楠梓電,TWSE
Electronic Parts/Components,電子零組件業,28,,,3501,Well Shin,維熹,TWSE
Electronic Parts/Components,電子零組件業,28,,,2327,YAGEO,國巨*,TWSE
Electronic Parts/Components,電子零組件業,28,,,4958,ZDT,臻鼎-KY,TWSE
Electronic Parts/Components,電子零組件業,28,,,2420,ZIPPY,新巨,TWSE
Electronic Parts/Components,電子零組件業,28,,,2059,king slide　,川湖,TWSE
Electronic Parts/Components,電子零組件業,28,,,8213,tpt,志超,TWSE
Electronic Products Distribution,電子通路業,29,,,6908,AGM,宏碁遊戲-創,TWSE
Electronic Products Distribution,電子通路業,29,,,3209,ALLTEK,全科,TWSE
Electronic Products Distribution,電子通路業,29,,,3528,ANSTEK,安馳,TWSE
Electronic Products Distribution,電子通路業,29,,,8072,AV TECH　,陞泰,TWSE
Electronic Products Distribution,電子通路業,29,,,8070,CHANG WAH,長華*,TWSE
Electronic Products Distribution,電子通路業,29,,,6281,E-LIFE,全國電,TWSE
Electronic Products Distribution,電子通路業,29,,,3048,EDOM,益登,TWSE
Electronic Products Distribution,電子通路業,29,,,3312,G.M.I,弘憶股,TWSE
Electronic Products Distribution,電子通路業,29,,,6189,Promate,豐藝,TWSE
Electronic Products Distribution,電子通路業,29,,,3055,Spirox Corp.,蔚華科,TWSE
Electronic Products Distribution,電子通路業,29,,,8112,Supreme　　,至上,TWSE
Electronic Products Distribution,電子通路業,29,,,2347,Synnex,聯強,TWSE
Electronic Products Distribution,電子通路業,29,,,2430,TKE,燦坤,TWSE
Electronic Products Distribution,電子通路業,29,,,5434,TOPCO,崇越,TWSE
Electronic Products Distribution,電子通路業,29,,,2414,UT,精技,TWSE
Electronic Products Distribution,電子通路業,29,,,3010,WAH LEE,華立,TWSE
Electronic Products Distribution,電子通路業,29,,,3702,WPG,大聯大,TWSE
Electronic Products Distribution,電子通路業,29,,,3036,WT　,文曄,TWSE
Electronic Products Distribution,電子通路業,29,,,6776,Weblink,展碁國際,TWSE
Electronic Products Distribution,電子通路業,29,,,3033,Weikeng,威健,TWSE
Electronic Products Distribution,電子通路業,29,,,3028,ZENITRON,增你強,TWSE
Financial Services,金融保險,17,,,2836,B.O.K,高雄銀,TWSE
Financial Services,金融保險,17,,,2882,CATHAY FHC,國泰金,TWSE
Financial Services,金融保險,17,,,2820,CBF,華票,TWSE
Financial Services,金融保險,17,,,6024,CFC,群益期,TWSE
Financial Services,金融保險,17,,,2801,CHANG HWA BANK,彰銀,TWSE
Financial Services,金融保險,17,,,6005,CSC,群益證,TWSE
Financial Services,金融保險,17,,,2891,CTBC HOLDING,中信金,TWSE
Financial Services,金融保險,17,,,2851,Central Re,中再保,TWSE
Financial Services,金融保險,17,,,2884,E.S.F.H,玉山金,TWSE
Financial Services,金融保險,17,,,2849,EnTie Bank,安泰銀,TWSE
Financial Services,金融保險,17,,,2845,FEIB,遠東銀,TWSE
Financial Services,金融保險,17,,,2892,FFHC,第一金,TWSE
Financial Services,金融保險,17,,,2852,FIRST INS,第一保,TWSE
Financial Services,金融保險,17,,,2881,Fubon Financial,富邦金,TWSE
Financial Services,金融保險,17,,,2880,HNFHC,華南金,TWSE
Financial Services,金融保險,17,,,2889,IBF,國票金,TWSE
Financial Services,金融保險,17,,,2883,KGI Financial,凱基金,TWSE
Financial Services,金融保險,17,,,2886,MEGA FHC,兆豐金,TWSE
Financial Services,金融保險,17,,,2867,Mercuries Life,三商壽,TWSE
Financial Services,金融保險,17,,,2897,O-Bank,王道銀行,TWSE
Financial Services,金融保險,17,,,2855,PSC,統一證,TWSE
Financial Services,金融保險,17,,,5876,SCSB,上海商銀,TWSE
Financial Services,金融保險,17,,,2890,SINOPACHOLDINGS,永豐金,TWSE
Financial Services,金融保險,17,,,2850,SK Insurance,新產,TWSE
Financial Services,金融保險,17,,,2812,T.C.C.B.,台中銀,TWSE
Financial Services,金融保險,17,,,2834,TBB,臺企銀,TWSE
Financial Services,金融保險,17,,,5880,TCFHC,合庫金,TWSE
Financial Services,金融保險,17,,,2832,TFMI,台產,TWSE
Financial Services,金融保險,17,,,2887,TS Holdings,台新新光金,TWSE
Financial Services,金融保險,17,,,2838,UBOT,聯邦銀,TWSE
Financial Services,金融保險,17,,,2816,UNION INS.,旺旺保,TWSE
Financial Services,金融保險,17,,,2885,Yuanta Group,元大金,TWSE
Foods,食品工業,02,,,1217,AGV,愛之味,TWSE
Foods,食品工業,02,,,1215,CPE,卜蜂,TWSE
Foods,食品工業,02,,,7780,DAIKEN,大研生醫*,TWSE
Foods,食品工業,02,,,1225,FOPCO,福懋油,TWSE
Foods,食品工業,02,,,1219,FWUSOW,福壽,TWSE
Foods,食品工業,02,,,1210,GREATWALL,大成,TWSE
Foods,食品工業,02,,,1234,HEY SONG,黑松,TWSE
Foods,食品工業,02,,,1236,Hunya,宏亞,TWSE
Foods,食品工業,02,,,1229,LHIHC,聯華,TWSE
Foods,食品工業,02,,,3054,LIWANLI,立萬利,TWSE
Foods,食品工業,02,,,7791,LUCKY ROYAL,皇家可口,TWSE
Foods,食品工業,02,,,1231,Lian Hwa Foods,聯華食,TWSE
Foods,食品工業,02,,,1702,NAMCHOW,南僑,TWSE
Foods,食品工業,02,,,1213,OCEANIC Bev.,大飲,TWSE
Foods,食品工業,02,,,1227,SFC,佳格,TWSE
Foods,食品工業,02,,,1235,ST,興泰,TWSE
Foods,食品工業,02,,,1256,Sunjuice,鮮活果汁-KY,TWSE
Foods,食品工業,02,,,1220,TAIROUN,台榮,TWSE
Foods,食品工業,02,,,1218,TAISUN,泰山,TWSE
Foods,食品工業,02,,,1232,TTET,大統益,TWSE
Foods,食品工業,02,,,1737,Taiyen,臺鹽,TWSE
Foods,食品工業,02,,,1233,Ten Ren,天仁,TWSE
Foods,食品工業,02,,,1216,UNI-PRESIDENT,統一,TWSE
Foods,食品工業,02,,,1203,VE WONG,味王,TWSE
Foods,食品工業,02,,,1201,WEI CHUAN,味全,TWSE
Glass & Ceramics,玻璃陶瓷,08,,,1806,CHAMPION,冠軍,TWSE
Glass & Ceramics,玻璃陶瓷,08,,,1809,China Glaze,中釉,TWSE
Glass & Ceramics,玻璃陶瓷,08,,,1810,HCG,和成,TWSE
Glass & Ceramics,玻璃陶瓷,08,,,1817,SANITAR,凱撒衛,TWSE
Glass & Ceramics,玻璃陶瓷,08,,,1802,TGI,台玻,TWSE
Green Energy & Environmental Services,綠能環保,35,,,8438,AMIA,昶昕,TWSE
Green Energy & Environmental Services,綠能環保,35,,,6887,BORETECH-KY,寶綠特-KY,TWSE
Green Energy & Environmental Services,綠能環保,35,,,9930,CHC,中聯資源,TWSE
Green Energy & Environmental Services,綠能環保,35,,,6951,CHIN HSIN,青新-創,TWSE
Green Energy & Environmental Services,綠能環保,35,,,2072,CWP,世紀風電,TWSE
Green Energy & Environmental Services,綠能環保,35,,,8422,Cleanaway,可寧衛*,TWSE
Green Energy & Environmental Services,綠能環保,35,,,7786,DFO,東方風能,TWSE
Green Energy & Environmental Services,綠能環保,35,,,5292,DTECH,華懋,TWSE
Green Energy & Environmental Services,綠能環保,35,,,8473,FOREST WATER,山林水,TWSE
Green Energy & Environmental Services,綠能環保,35,,,6994,FWP,富威電力,TWSE
Green Energy & Environmental Services,綠能環保,35,,,6641,GSD-KY,基士德-KY,TWSE
Green Energy & Environmental Services,綠能環保,35,,,6873,HDRE,泓德能源,TWSE
Green Energy & Environmental Services,綠能環保,35,,,6869,J&V Energy,雲豹能源,TWSE
Green Energy & Environmental Services,綠能環保,35,,,7610,LIANYOU METALS,聯友金屬-創,TWSE
Green Energy & Environmental Services,綠能環保,35,,,6944,Mega Union,兆聯實業,TWSE
Green Energy & Environmental Services,綠能環保,35,,,6771,PHET,平和環保-創,TWSE
Green Energy & Environmental Services,綠能環保,35,,,9955,SDTI　,佳龍,TWSE
Green Energy & Environmental Services,綠能環保,35,,,7740,SEETEL,熙特爾-創,TWSE
Green Energy & Environmental Services,綠能環保,35,,,8341,SF　　,日友,TWSE
Green Energy & Environmental Services,綠能環保,35,,,6806,SHINFOX ENERGY,森崴能源,TWSE
Green Energy & Environmental Services,綠能環保,35,,,3708,Swancor,上緯投控,TWSE
Green Energy & Environmental Services,綠能環保,35,,,8476,TESC,台境*,TWSE
Green Energy & Environmental Services,綠能環保,35,,,6581,TSU,鋼聯,TWSE
Green Energy & Environmental Services,綠能環保,35,,,6969,Transcene,成信實業*-創,TWSE
Green Energy & Environmental Services,綠能環保,35,,,6923,ctrt,中台,TWSE
Home Life,居家生活,38,,,9935,CF,慶豐富,TWSE
Home Life,居家生活,38,,,6807,FY-KY,峰源-KY,TWSE
Home Life,居家生活,38,,,9934,GUIC,成霖,TWSE
Home Life,居家生活,38,,,3557,JiaWei,嘉威,TWSE
Home Life,居家生活,38,,,8464,Nien Made,億豐,TWSE
Home Life,居家生活,38,,,6754,Rich Honour,匯僑設計,TWSE
Home Life,居家生活,38,,,2062,SSM,橋椿,TWSE
Home Life,居家生活,38,,,6671,San Neng-KY,三能-KY,TWSE
Home Life,居家生活,38,,,8482,Shane Global,商億-KY,TWSE
Home Life,居家生活,38,,,9924,TAIWAN FU HSING,福興,TWSE
Home Life,居家生活,38,,,9911,TAIWAN SAKURA,櫻花,TWSE
Information Service,資訊服務業,30,,,2471,ARES,資通,TWSE
Information Service,資訊服務業,30,,,5203,CyberLink,訊連,TWSE
Information Service,資訊服務業,30,,,2468,FIS,華經,TWSE
Information Service,資訊服務業,30,,,2427,MDS,三商電,TWSE
Information Service,資訊服務業,30,,,6112,Metaage,邁達特,TWSE
Information Service,資訊服務業,30,,,2480,STARK,敦陽科,TWSE
Information Service,資訊服務業,30,,,2453,SYSCOM,凌群,TWSE
Information Service,資訊服務業,30,,,6214,SYSTEX,精誠,TWSE
Information Service,資訊服務業,30,,,6183,TRADE-VAN　　,關貿,TWSE
Information Service,資訊服務業,30,,,4994,X-LEGEND,傳奇,TWSE
Information Service,資訊服務業,30,,,3029,ZERO ONE 　　,零壹,TWSE
Iron & Steel,鋼鐵工業,10,,,2033,CHIA TA,佳大,TWSE
Iron & Steel,鋼鐵工業,10,,,2024,CHIH LIEN,志聯,TWSE
Iron & Steel,鋼鐵工業,10,,,2012,CHUN YU,春雨,TWSE
Iron & Steel,鋼鐵工業,10,,,2010,CHUN YUAN STEEL,春源,TWSE
Iron & Steel,鋼鐵工業,10,,,2014,CHUNG HUNG,中鴻,TWSE
Iron & Steel,鋼鐵工業,10,,,9958,CIS　　,世紀鋼,TWSE
Iron & Steel,鋼鐵工業,10,,,2002,CSC,中鋼,TWSE
Iron & Steel,鋼鐵工業,10,,,2013,CSSC,中鋼構,TWSE
Iron & Steel,鋼鐵工業,10,,,2025,CSSSC,千興,TWSE
Iron & Steel,鋼鐵工業,10,,,2211,EGST,長榮鋼,TWSE
Iron & Steel,鋼鐵工業,10,,,2009,FCC,第一銅,TWSE
Iron & Steel,鋼鐵工業,10,,,2015,FH,豐興,TWSE
Iron & Steel,鋼鐵工業,10,,,2030,FROCH,彰源,TWSE
Iron & Steel,鋼鐵工業,10,,,2038,HAIKWANG　　,海光,TWSE
Iron & Steel,鋼鐵工業,10,,,2031,Hkssteel,新光鋼,TWSE
Iron & Steel,鋼鐵工業,10,,,2008,KHC,高興昌,TWSE
Iron & Steel,鋼鐵工業,10,,,2020,MAYER PIPE,美亞,TWSE
Iron & Steel,鋼鐵工業,10,,,3004,NAFCO,豐達科,TWSE
Iron & Steel,鋼鐵工業,10,,,2017,Quintain Steel,官田鋼,TWSE
Iron & Steel,鋼鐵工業,10,,,5007,SAN SHING 　　,三星,TWSE
Iron & Steel,鋼鐵工業,10,,,2029,SYSCO,盛餘,TWSE
Iron & Steel,鋼鐵工業,10,,,2032,Sinkang,新鋼,TWSE
Iron & Steel,鋼鐵工業,10,,,2027,TC,大成鋼,TWSE
Iron & Steel,鋼鐵工業,10,,,5538,TONG MING,東明-KY,TWSE
Iron & Steel,鋼鐵工業,10,,,2022,TYCOONS,聚亨,TWSE
Iron & Steel,鋼鐵工業,10,,,2006,Tung Ho Steel,東和鋼鐵,TWSE
Iron & Steel,鋼鐵工業,10,,,2028,WEI CHIH,威致,TWSE
Iron & Steel,鋼鐵工業,10,,,2034,YC,允強,TWSE
Iron & Steel,鋼鐵工業,10,,,2069,YC,運錩,TWSE
Iron & Steel,鋼鐵工業,10,,,2007,YH,燁興,TWSE
Iron & Steel,鋼鐵工業,10,,,2023,YP,燁輝,TWSE
"Oil, Gas & Electricity",油電燃氣業,23,,,6505,FPCC,台塑化,TWSE
"Oil, Gas & Electricity",油電燃氣業,23,,,9908,GTG,大台北,TWSE
"Oil, Gas & Electricity",油電燃氣業,23,,,9931,HSIN KAO,欣高,TWSE
"Oil, Gas & Electricity",油電燃氣業,23,,,9937,NPC,全國,TWSE
"Oil, Gas & Electricity",油電燃氣業,23,,,9926,S.H.,新海,TWSE
"Oil, Gas & Electricity",油電燃氣業,23,,,9918,S.S.N.G,欣天然,TWSE
"Oil, Gas & Electricity",油電燃氣業,23,,,2616,SLC,山隆,TWSE
"Oil, Gas & Electricity",油電燃氣業,23,,,8926,TCC　　,台汽電,TWSE
Optoelectronic,光電業,26,,,2374,ABILITY,佳能,TWSE
Optoelectronic,光電業,26,,,3024,ACTION,憶聲,TWSE
Optoelectronic,光電業,26,,,2489,AMTRAN,瑞軒,TWSE
Optoelectronic,光電業,26,,,3437,AOT,榮創,TWSE
Optoelectronic,光電業,26,,,3019,ASIA　　,亞光,TWSE
Optoelectronic,光電業,26,,,2409,AUO,友達,TWSE
Optoelectronic,光電業,26,,,3059,Altek,華晶科,TWSE
Optoelectronic,光電業,26,,,6477,Anji,安集,TWSE
Optoelectronic,光電業,26,,,8215,BMC,明基材,TWSE
Optoelectronic,光電業,26,,,5244,BRIGHTEK,弘凱,TWSE
Optoelectronic,光電業,26,,,3031,BRIGHT　,佰鴻,TWSE
Optoelectronic,光電業,26,,,2323,CMC,中環,TWSE
Optoelectronic,光電業,26,,,4960,CMMT,誠美材,TWSE
Optoelectronic,光電業,26,,,2466,COSMO,冠西電,TWSE
Optoelectronic,光電業,26,,,4976,Calin,佳凌,TWSE
Optoelectronic,光電業,26,,,4942,Chia Chang,嘉彰,TWSE
Optoelectronic,光電業,26,,,6120,DARWIN,達運,TWSE
Optoelectronic,光電業,26,,,3168,DATA IMAGE,眾福科,TWSE
Optoelectronic,光電業,26,,,5234,DAXIN,達興材料,TWSE
Optoelectronic,光電業,26,,,3591,EDISON OPTO,艾笛森,TWSE
Optoelectronic,光電業,26,,,3038,EDT,全台,TWSE
Optoelectronic,光電業,26,,,2438,ENLIGHT,翔耀,TWSE
Optoelectronic,光電業,26,,,3714,ENNOSTAR,富采,TWSE
Optoelectronic,光電業,26,,,5243,ESON,乙盛-KY,TWSE
Optoelectronic,光電業,26,,,2393,EVERLIGHT,億光,TWSE
Optoelectronic,光電業,26,,,4956,Epileds,光鋐,TWSE
Optoelectronic,光電業,26,,,5484,EverFocus,慧友,TWSE
Optoelectronic,光電業,26,,,2491,FOCL,吉祥全,TWSE
Optoelectronic,光電業,26,,,3535,Favite,晶彩科,TWSE
Optoelectronic,光電業,26,,,6706,FitTech,惠特,TWSE
Optoelectronic,光電業,26,,,3149,G-TECH　　,正達,TWSE
Optoelectronic,光電業,26,,,6456,GIS,GIS-KY,TWSE
Optoelectronic,光電業,26,,,4935,GLT,茂林-KY,TWSE
Optoelectronic,光電業,26,,,2406,GSC,國碩,TWSE
Optoelectronic,光電業,26,,,3406,GSEO,玉晶光,TWSE
Optoelectronic,光電業,26,,,3356,GeoVision,奇偶,TWSE
Optoelectronic,光電業,26,,,8105,GiantPlus,凌巨,TWSE
Optoelectronic,光電業,26,,,6168,HARVATEK CORPOR,宏齊,TWSE
Optoelectronic,光電業,26,,,3049,HannsTouch,精金,TWSE
Optoelectronic,光電業,26,,,6116,Hannstar　　,彩晶,TWSE
Optoelectronic,光電業,26,,,2486,I-CHIUN,一詮,TWSE
Optoelectronic,光電業,26,,,3481,INX,群創,TWSE
Optoelectronic,光電業,26,,,3543,JOCHU,州巧,TWSE
Optoelectronic,光電業,26,,,6209,KINKO,今國光,TWSE
Optoelectronic,光電業,26,,,3008,LARGAN,大立光,TWSE
Optoelectronic,光電業,26,,,6164,LEDTECH　,華興,TWSE
Optoelectronic,光電業,26,,,3563,MACHVISION,牧德,TWSE
Optoelectronic,光電業,26,,,6405,ONANO,悅城,TWSE
Optoelectronic,光電業,26,,,3051,Optimax,力特,TWSE
Optoelectronic,光電業,26,,,2429,PWT,銘旺科,TWSE
Optoelectronic,光電業,26,,,6226,Para Light,光鼎,TWSE
Optoelectronic,光電業,26,,,2349,RITEK,錸德,TWSE
Optoelectronic,光電業,26,,,6176,ROEC,瑞儀,TWSE
Optoelectronic,光電業,26,,,8104,RiTdisplay,錸寶,TWSE
Optoelectronic,光電業,26,,,3673,TPK,TPK-KY,TWSE
Optoelectronic,光電業,26,,,6443,TSEC,元晶,TWSE
Optoelectronic,光電業,26,,,6278,TSMT,台表科,TWSE
Optoelectronic,光電業,26,,,2426,TYNTEK,鼎元,TWSE
Optoelectronic,光電業,26,,,4934,Tainergy,太極,TWSE
Optoelectronic,光電業,26,,,3050,U-TECH,鈺德,TWSE
Optoelectronic,光電業,26,,,3576,URE,聯合再生,TWSE
Optoelectronic,光電業,26,,,6742,Vti,澤米,TWSE
Optoelectronic,光電業,26,,,4949,WIN WIN,有成精密,TWSE
Optoelectronic,光電業,26,,,6916,WINSTAR,華凌,TWSE
Optoelectronic,光電業,26,,,3622,YFO,洋華,TWSE
Optoelectronic,光電業,26,,,3504,Young Optics,揚明光,TWSE
Optoelectronic,光電業,26,,,6668,Zhong Yang,中揚光,TWSE
Optoelectronic,光電業,26,,,6225,aiPlex,天瀚,TWSE
Other,其他,20,,,6625,Binlive,必應,TWSE
Other,其他,20,,,1435,C.F.CORP.,中福,TWSE
Other,其他,20,,,1342,CCI Yilan,八貫,TWSE
Other,其他,20,,,9929,CHOICE,秋雨,TWSE
Other,其他,20,,,9933,CTCI,中鼎,TWSE
Other,其他,20,,,9928,CTV,中視,TWSE
Other,其他,20,,,5871,Chailease,中租-KY,TWSE
Other,其他,20,,,6901,DIAMOND BIOFUND,鑽石投資,TWSE
Other,其他,20,,,6952,DWS,大武山,TWSE
Other,其他,20,,,6184,Dafeng TV Ltd.,大豐電,TWSE
Other,其他,20,,,6585,DingZing,鼎基,TWSE
Other,其他,20,,,2614,EMIC,東森,TWSE
Other,其他,20,,,1516,FALCON,川飛,TWSE
Other,其他,20,,,3040,G.V.,遠見,TWSE
Other,其他,20,,,9905,GCM,大華,TWSE
Other,其他,20,,,1437,GTM,勤益控,TWSE
Other,其他,20,,,9939,HON CHUAN,宏全,TWSE
Other,其他,20,,,6592,HOTAI FINANCE,和潤企業,TWSE
Other,其他,20,,,2348,Hiyes,海悅,TWSE
Other,其他,20,,,6957,Horizon,裕慶-KY,TWSE
Other,其他,20,,,6958,INFINITE,日盛台駿,TWSE
Other,其他,20,,,8488,JYPKG,吉源-KY,TWSE
Other,其他,20,,,6655,KD,科定,TWSE
Other,其他,20,,,1416,KFIC,廣豐,TWSE
Other,其他,20,,,8411,KINGCAN,福貞-KY,TWSE
Other,其他,20,,,9919,KNH,康那香,TWSE
Other,其他,20,,,1443,LILYTEXTILE,立益物流,TWSE
Other,其他,20,,,2514,LONG BON,龍邦,TWSE
Other,其他,20,,,8466,M.J.,美吉吉-KY,TWSE
Other,其他,20,,,9942,MAO SHUN,茂順,TWSE
Other,其他,20,,,6504,NAN LIU　　,南六,TWSE
Other,其他,20,,,8404,PAIHO  SHIH,百和興業-KY,TWSE
Other,其他,20,,,2904,POCS,匯僑,TWSE
Other,其他,20,,,6914,PSS,阜爾運通,TWSE
Other,其他,20,,,8463,RTM,潤泰材,TWSE
Other,其他,20,,,9945,RUENTEX DEVELOP,潤泰新,TWSE
Other,其他,20,,,9925,SKS,新保,TWSE
Other,其他,20,,,2496,SPC,卓越,TWSE
Other,其他,20,,,9944,Shinih,新麗,TWSE
Other,其他,20,,,9940,Sinyi,信義,TWSE
Other,其他,20,,,9941,TAC,裕融,TWSE
Other,其他,20,,,9938,TAIWAN PAIHO,百和,TWSE
Other,其他,20,,,9917,TAIWAN SECOM,中保科,TWSE
Other,其他,20,,,9902,TIDEHOLD,台火,TWSE
Other,其他,20,,,9927,TMI,泰銘,TWSE
Other,其他,20,,,9907,TON YI,統一實,TWSE
Other,其他,20,,,8033,TT,雷虎,TWSE
Other,其他,20,,,8481,Transart,政伸,TWSE
Other,其他,20,,,8442,WW,威宏-KY,TWSE
Other,其他,20,,,5284,jpp,jpp-KY,TWSE
Other,其他,20,,,6464,top MSO,台數科,TWSE
Other Electronic,其他電子業,31,,,6743,AMPACS,安普新,TWSE
Other Electronic,其他電子業,31,,,2459,AUDIX,敦吉,TWSE
Other Electronic,其他電子業,31,,,4588,Arch Meter,玖鼎電力,TWSE
Other Electronic,其他電子業,31,,,2373,Aurora,震旦行,TWSE
Other Electronic,其他電子業,31,,,6215,Aurotek,和椿,TWSE
Other Electronic,其他電子業,31,,,8201,BESTA　　,無敵,TWSE
Other Electronic,其他電子業,31,,,3665,BHI (BizLink),貿聯-KY,TWSE
Other Electronic,其他電子業,31,,,2474,CATCHER,可成,TWSE
Other Electronic,其他電子業,31,,,2360,CHROMA,致茂,TWSE
Other Electronic,其他電子業,31,,,3617,CyberPower,碩天,TWSE
Other Electronic,其他電子業,31,,,5225,EASTECH,東科-KY,TWSE
Other Electronic,其他電子業,31,,,2390,EVERSPRING,云辰,TWSE
Other Electronic,其他電子業,31,,,6698,FINEMAT,旭暉應材,TWSE
Other Electronic,其他電子業,31,,,2354,FTC,鴻準,TWSE
Other Electronic,其他電子業,31,,,7631,GENIIDEAS,聚賢研發-創,TWSE
Other Electronic,其他電子業,31,,,2423,GW,固緯,TWSE
Other Electronic,其他電子業,31,,,2488,HANPIN,漢平,TWSE
Other Electronic,其他電子業,31,,,2317,HON HAI,鴻海,TWSE
Other Electronic,其他電子業,31,,,2433,HUXEN,互盛電,TWSE
Other Electronic,其他電子業,31,,,2461,K LASER,光群雷,TWSE
Other Electronic,其他電子業,31,,,2312,KINPO,金寶,TWSE
Other Electronic,其他電子業,31,,,6139,L & K　,亞翔,TWSE
Other Electronic,其他電子業,31,,,6192,LUMAX,巨路,TWSE
Other Electronic,其他電子業,31,,,3018,LUNG MING 　,隆銘綠能,TWSE
Other Electronic,其他電子業,31,,,2477,MEILOON,美隆電,TWSE
Other Electronic,其他電子業,31,,,6196,MIC,帆宣,TWSE
Other Electronic,其他電子業,31,,,6830,MSS,汎銓,TWSE
Other Electronic,其他電子業,31,,,2464,Mirle,盟立,TWSE
Other Electronic,其他電子業,31,,,3043,PCM,科風,TWSE
Other Electronic,其他電子業,31,,,3518,PT TECH.,柏騰,TWSE
Other Electronic,其他電子業,31,,,6438,SAA,迅得,TWSE
Other Electronic,其他電子業,31,,,3305,SHENMAO,昇貿,TWSE
Other Electronic,其他電子業,31,,,6283,SOE　,淳安,TWSE
Other Electronic,其他電子業,31,,,2359,SOLOMON,所羅門,TWSE
Other Electronic,其他電子業,31,,,6558,SYNST,興能高,TWSE
Other Electronic,其他電子業,31,,,6658,SynPower,聯策,TWSE
Other Electronic,其他電子業,31,,,8499,TOP BRIGHT,鼎炫-KY,TWSE
Other Electronic,其他電子業,31,,,4585,TRI,達明,TWSE
Other Electronic,其他電子業,31,,,3030,TRI　,德律,TWSE
Other Electronic,其他電子業,31,,,8021,Topoint　　,尖點,TWSE
Other Electronic,其他電子業,31,,,2482,UIC,連宇,TWSE
Other Electronic,其他電子業,31,,,2404,UIS,漢唐,TWSE
Other Electronic,其他電子業,31,,,6409,VOLTRONIC,旭隼,TWSE
Other Electronic,其他電子業,31,,,6722,Whetron,輝創,TWSE
Other Electronic,其他電子業,31,,,6201,YAHORNG,亞弘電,TWSE
Other Electronic,其他電子業,31,,,6691,YANKEY,洋基工程,TWSE
Paper & Pulp,造紙工業,09,,,1906,Baolong Intl.,寶隆,TWSE
Paper & Pulp,造紙工業,09,,,1905,CHP,華紙,TWSE
Paper & Pulp,造紙工業,09,,,1904,Cheng Loong,正隆,TWSE
Paper & Pulp,造紙工業,09,,,1909,Longchen P&P,榮成,TWSE
Paper & Pulp,造紙工業,09,,,1903,Shihlin Paper,士紙,TWSE
Paper & Pulp,造紙工業,09,,,1907,YFY,永豐餘,TWSE
Paper & Pulp,造紙工業,09,,,6790,YFYCPG,永豐實,TWSE
Plastics,塑膠工業,03,,,1308,APC,亞聚,TWSE
Plastics,塑膠工業,03,,,1337,Asia Plastic,再生-KY,TWSE
Plastics,塑膠工業,03,,,1305,CGPC,華夏,TWSE
Plastics,塑膠工業,03,,,1314,CPDC,中石化,TWSE
Plastics,塑膠工業,03,,,1326,FCFC,台化,TWSE
Plastics,塑膠工業,03,,,1301,FPC,台塑,TWSE
Plastics,塑膠工業,03,,,1341,FULIN-KY,富林-KY,TWSE
Plastics,塑膠工業,03,,,1324,GLOBE TAPE,地球,TWSE
Plastics,塑膠工業,03,,,1312,GPPC,國喬,TWSE
Plastics,塑膠工業,03,,,1303,NPC,南亞,TWSE
Plastics,塑膠工業,03,,,1321,OPC,大洋,TWSE
Plastics,塑膠工業,03,,,1307,SAN FANG,三芳,TWSE
Plastics,塑膠工業,03,,,1310,T.S.M.C.,台苯,TWSE
Plastics,塑膠工業,03,,,1315,TAH HSIN,達新,TWSE
Plastics,塑膠工業,03,,,1309,TTC,台達化,TWSE
Plastics,塑膠工業,03,,,1325,UK,恆大,TWSE
Plastics,塑膠工業,03,,,1313,UPC,聯成,TWSE
Plastics,塑膠工業,03,,,1304,USI,台聚,TWSE
Plastics,塑膠工業,03,,,1340,VICTORY,勝悅-KY,TWSE
Plastics,塑膠工業,03,,,4306,YC,炎洲,TWSE
Plastics,塑膠工業,03,,,1323,YONYU,永裕,TWSE
Rubber,橡膠工業,11,,,2104,CSRC,國際中橡,TWSE
Rubber,橡膠工業,11,,,2105,CST,正新,TWSE
Rubber,橡膠工業,11,,,2102,FEDERAL CORP,泰豐,TWSE
Rubber,橡膠工業,11,,,2107,FRG,厚生,TWSE
Rubber,橡膠工業,11,,,2109,HWA FONG,華豐,TWSE
Rubber,橡膠工業,11,,,2114,HYC,鑫永銓,TWSE
Rubber,橡膠工業,11,,,2106,KENDA,建大,TWSE
Rubber,橡膠工業,11,,,2108,NANTEX,南帝,TWSE
Rubber,橡膠工業,11,,,2101,NK,南港,TWSE
Rubber,橡膠工業,11,,,6582,Shin Foong,申豐,TWSE
Rubber,橡膠工業,11,,,2103,TSRC,台橡,TWSE
Semiconductor,半導體業,24,,,3041,ALi,揚智,TWSE
Semiconductor,半導體業,24,,,6533,ANDES,晶心科,TWSE
Semiconductor,半導體業,24,,,6531,AP Memory,愛普*,TWSE
Semiconductor,半導體業,24,,,3711,ASEH,日月光投控,TWSE
Semiconductor,半導體業,24,,,6526,Airoha,達發,TWSE
Semiconductor,半導體業,24,,,3661,Alchip,世芯-KY,TWSE
Semiconductor,半導體業,24,,,8271,Apacer,宇瞻,TWSE
Semiconductor,半導體業,24,,,5269,Asmedia,祥碩,TWSE
Semiconductor,半導體業,24,,,3257,CHAMPION,虹冠電,TWSE
Semiconductor,半導體業,24,,,8150,ChipMOS　　,南茂,TWSE
Semiconductor,半導體業,24,,,3094,DAVICOM　　,聯傑,TWSE
Semiconductor,半導體業,24,,,3686,Danen,達能,TWSE
Semiconductor,半導體業,24,,,2458,ELAN,義隆,TWSE
Semiconductor,半導體業,24,,,3450,ELASER,聯鈞,TWSE
Semiconductor,半導體業,24,,,6243,ENE,迅杰,TWSE
Semiconductor,半導體業,24,,,3016,EPi,嘉晶,TWSE
Semiconductor,半導體業,24,,,3006,ESMT,晶豪科,TWSE
Semiconductor,半導體業,24,,,4961,FITIPOWER,天鈺,TWSE
Semiconductor,半導體業,24,,,3532,FST,台勝科,TWSE
Semiconductor,半導體業,24,,,3035,Faraday　,智原,TWSE
Semiconductor,半導體業,24,,,3413,Fiti,京鼎,TWSE
Semiconductor,半導體業,24,,,3545,FocalTech,敦泰,TWSE
Semiconductor,半導體業,24,,,6525,GEM,捷敏-KY,TWSE
Semiconductor,半導體業,24,,,8081,GMT,致新,TWSE
Semiconductor,半導體業,24,,,2441,GTK,超豐,TWSE
Semiconductor,半導體業,24,,,3443,GUC,創意,TWSE
Semiconductor,半導體業,24,,,4952,Generalplus,凌通,TWSE
Semiconductor,半導體業,24,,,3135,Goldkey Tech.　,凌航,TWSE
Semiconductor,半導體業,24,,,6202,HOLTEK　,盛群,TWSE
Semiconductor,半導體業,24,,,7769,HON,鴻勁,TWSE
Semiconductor,半導體業,24,,,6573,HY,虹揚-KY,TWSE
Semiconductor,半導體業,24,,,3014,ITE,聯陽,TWSE
Semiconductor,半導體業,24,,,6962,ITH-KY,奕力-KY,TWSE
Semiconductor,半導體業,24,,,6552,JMC,易華電,TWSE
Semiconductor,半導體業,24,,,5285,Jih Lin,界霖,TWSE
Semiconductor,半導體業,24,,,3189,KINSUS,景碩,TWSE
Semiconductor,半導體業,24,,,2449,KYEC,京元電子,TWSE
Semiconductor,半導體業,24,,,3588,LD,通嘉,TWSE
Semiconductor,半導體業,24,,,2369,LPI,菱生,TWSE
Semiconductor,半導體業,24,,,6921,LeRain,嘉雨思-創,TWSE
Semiconductor,半導體業,24,,,6799,M3TEK,來頡,TWSE
Semiconductor,半導體業,24,,,2434,MOSPEC,統懋,TWSE
Semiconductor,半導體業,24,,,8162,MSEC　,微矽電子-創,TWSE
Semiconductor,半導體業,24,,,2342,MVI,茂矽,TWSE
Semiconductor,半導體業,24,,,2337,Macronix,旺宏,TWSE
Semiconductor,半導體業,24,,,2454,MediaTek,聯發科,TWSE
Semiconductor,半導體業,24,,,7730,NEMS,暉盛-創,TWSE
Semiconductor,半導體業,24,,,3034,NOVATEK　,聯詠,TWSE
Semiconductor,半導體業,24,,,2408,NTC,南亞科,TWSE
Semiconductor,半導體業,24,,,4919,NTC,新唐,TWSE
Semiconductor,半導體業,24,,,2329,OSE,華泰,TWSE
Semiconductor,半導體業,24,,,2481,PANJIT,強茂,TWSE
Semiconductor,半導體業,24,,,8028,PSI　　,昇陽半導體,TWSE
Semiconductor,半導體業,24,,,6770,PSMC,力積電,TWSE
Semiconductor,半導體業,24,,,6239,PTI,力成,TWSE
Semiconductor,半導體業,24,,,6854,PlayNitride,錼創科技-KY創,TWSE
Semiconductor,半導體業,24,,,2302,RECTRON,麗正,TWSE
Semiconductor,半導體業,24,,,2379,RT,瑞昱,TWSE
Semiconductor,半導體業,24,,,3592,Raydium,瑞鼎,TWSE
Semiconductor,半導體業,24,,,4968,Richwave,立積,TWSE
Semiconductor,半導體業,24,,,2351,SDI,順德,TWSE
Semiconductor,半導體業,24,,,6257,SIGURD　　,矽格,TWSE
Semiconductor,半導體業,24,,,3530,SOI,晶相光,TWSE
Semiconductor,半導體業,24,,,5471,SONIX　　,松翰,TWSE
Semiconductor,半導體業,24,,,2401,SUNPLUS,凌陽,TWSE
Semiconductor,半導體業,24,,,3150,SYNCOMM,鈺寶-創,TWSE
Semiconductor,半導體業,24,,,3583,Scientech,辛耘,TWSE
Semiconductor,半導體業,24,,,6451,ShunSin,訊芯-KY,TWSE
Semiconductor,半導體業,24,,,2363,SiS,矽統,TWSE
Semiconductor,半導體業,24,,,6415,Silergy,矽力*-KY,TWSE
Semiconductor,半導體業,24,,,8016,Sitronix　　,矽創,TWSE
Semiconductor,半導體業,24,,,6937,Skytech,天虹,TWSE
Semiconductor,半導體業,24,,,2340,TASC,台亞,TWSE
Semiconductor,半導體業,24,,,4967,TEAM,十銓,TWSE
Semiconductor,半導體業,24,,,6271,THEIL,同欣電,TWSE
Semiconductor,半導體業,24,,,2338,TMC,光罩,TWSE
Semiconductor,半導體業,24,,,5222,TRANSCOM,全訊,TWSE
Semiconductor,半導體業,24,,,2330,TSMC,台積電,TWSE
Semiconductor,半導體業,24,,,2451,Transcend,創見,TWSE
Semiconductor,半導體業,24,,,2303,UMC,聯電,TWSE
Semiconductor,半導體業,24,,,7822,V5 TECHNOLOGIES,倍利科,TWSE
Semiconductor,半導體業,24,,,2388,VIA,威盛,TWSE
Semiconductor,半導體業,24,,,6756,VLI,威鋒電子,TWSE
Semiconductor,半導體業,24,,,6789,VisEra,采鈺,TWSE
Semiconductor,半導體業,24,,,8110,WALTON　,華東,TWSE
Semiconductor,半導體業,24,,,2344,WEC,華邦電,TWSE
Semiconductor,半導體業,24,,,2436,Weltrend,偉詮電,TWSE
Semiconductor,半導體業,24,,,6515,WinWay,穎崴,TWSE
Semiconductor,半導體業,24,,,6695,iCatchtek,芯鼎,TWSE
Semiconductor,半導體業,24,,,7749,iGo-KY,意騰-KY,TWSE
Semiconductor,半導體業,24,,,6909,tCt,創控,TWSE
Semiconductor,半導體業,24,,,6719,uPI,力智,TWSE
Semiconductor,半導體業,24,,,8261,　　APEC,富鼎,TWSE
Semiconductor,半導體業,24,,,8131,　　FATC,福懋科,TWSE
Shipping & Transportation,航運業,15,,,2630,AACL　　,亞航,TWSE
Shipping & Transportation,航運業,15,,,2634,AIDC　　,漢翔,TWSE
Shipping & Transportation,航運業,15,,,2610,CAL,華航,TWSE
Shipping & Transportation,航運業,15,,,2613,CCTC,中櫃,TWSE
Shipping & Transportation,航運業,15,,,2612,CMT,中航,TWSE
Shipping & Transportation,航運業,15,,,8367,CS　,建新國際,TWSE
Shipping & Transportation,航運業,15,,,2645,EGAT,長榮航太,TWSE
Shipping & Transportation,航運業,15,,,2607,EITC,榮運,TWSE
Shipping & Transportation,航運業,15,,,2603,EMC,長榮,TWSE
Shipping & Transportation,航運業,15,,,2618,EVAAIR,長榮航,TWSE
Shipping & Transportation,航運業,15,,,5607,Farglory FTZ 　,遠雄港,TWSE
Shipping & Transportation,航運業,15,,,2608,Kerry TJ,嘉里大榮,TWSE
Shipping & Transportation,航運業,15,,,6753,LUNGTEH,龍德造船,TWSE
Shipping & Transportation,航運業,15,,,2642,Pelican,宅配通,TWSE
Shipping & Transportation,航運業,15,,,5608,S. W.,四維航,TWSE
Shipping & Transportation,航運業,15,,,2605,SNC,新興,TWSE
Shipping & Transportation,航運業,15,,,2646,STARLUX AIR,星宇航空,TWSE
Shipping & Transportation,航運業,15,,,2636,T3EX,台驊控股,TWSE
Shipping & Transportation,航運業,15,,,2633,THSRC,台灣高鐵,TWSE
Shipping & Transportation,航運業,15,,,2617,TNC,台航,TWSE
Shipping & Transportation,航運業,15,,,2611,TSI,志信,TWSE
Shipping & Transportation,航運業,15,,,6757,TTW,台灣虎航,TWSE
Shipping & Transportation,航運業,15,,,2606,U-MING,裕民,TWSE
Shipping & Transportation,航運業,15,,,2615,WANHAI,萬海,TWSE
Shipping & Transportation,航運業,15,,,2637,WISDOM,慧洋-KY,TWSE
Shipping & Transportation,航運業,15,,,2609,YMTC,陽明,TWSE
Shipping & Transportation,航運業,15,,,2208,　　CSBC,台船,TWSE
Sports & Leisure,運動休閒,37,,,8467,BONNY,波力-KY,TWSE
Sports & Leisure,運動休閒,37,,,6965,CJ,中傑-KY,TWSE
Sports & Leisure,運動休閒,37,,,1598,Dyaco,岱宇,TWSE
Sports & Leisure,運動休閒,37,,,6670,FSP,復盛應用,TWSE
Sports & Leisure,運動休閒,37,,,9910,FT,豐泰,TWSE
Sports & Leisure,運動休閒,37,,,9802,Fulgent Sun,鈺齊-KY,TWSE
Sports & Leisure,運動休閒,37,,,9921,GIANT,巨大,TWSE
Sports & Leisure,運動休閒,37,,,1736,JHT　　,喬山,TWSE
Sports & Leisure,運動休閒,37,,,5306,KMC,桂盟,TWSE
Sports & Leisure,運動休閒,37,,,6890,Lai Yih,來億-KY,TWSE
Sports & Leisure,運動休閒,37,,,9914,MIC,美利達,TWSE
Sports & Leisure,運動休閒,37,,,8478,Ocean Alexander,東哥遊艇,TWSE
Sports & Leisure,運動休閒,37,,,9904,PCC,寶成,TWSE
Sports & Leisure,運動休閒,37,,,8462,Power Wind,柏文,TWSE
Sports & Leisure,運動休閒,37,,,6768,SPG-KY,志強-KY,TWSE
Sports & Leisure,運動休閒,37,,,1432,TAROKO,大魯閣,TWSE
Sports & Leisure,運動休閒,37,,,4536,TOPKEY,拓凱,TWSE
Sports & Leisure,運動休閒,37,,,2762,World Gym,世界健身-KY,TWSE
Textiles,紡織纖維,04,,,1466,Acelon,聚隆,TWSE
Textiles,紡織纖維,04,,,1475,BIG SUNSHINE,業旺,TWSE
Textiles,紡織纖維,04,,,1417,CARNIVAL,嘉裕,TWSE
Textiles,紡織纖維,04,,,1468,CHANG HO,昶和,TWSE
Textiles,紡織纖維,04,,,1449,CHIA HER,佳和,TWSE
Textiles,紡織纖維,04,,,1463,CSG,強盛新,TWSE
Textiles,紡織纖維,04,,,1464,DE LICACY,得力,TWSE
Textiles,紡織纖維,04,,,1476,ECLAT,儒鴻,TWSE
Textiles,紡織纖維,04,,,1460,EVEREST,宏遠,TWSE
Textiles,紡織纖維,04,,,1470,EVERTEX,大統新創,TWSE
Textiles,紡織纖維,04,,,1434,F.T.C,福懋,TWSE
Textiles,紡織纖維,04,,,1402,FENC,遠東新,TWSE
Textiles,紡織纖維,04,,,4441,GGF,振大環球,TWSE
Textiles,紡織纖維,04,,,1413,H.C.,宏洲,TWSE
Textiles,紡織纖維,04,,,1446,HONG HO,宏和,TWSE
Textiles,紡織纖維,04,,,1452,HONG YI,宏益,TWSE
Textiles,紡織纖維,04,,,1474,HONMYUE,弘裕,TWSE
Textiles,紡織纖維,04,,,1459,LAN FA,聯發,TWSE
Textiles,紡織纖維,04,,,1444,LEALEA,力麗,TWSE
Textiles,紡織纖維,04,,,4426,LI CHENG,利勤,TWSE
Textiles,紡織纖維,04,,,1447,LP,力鵬,TWSE
Textiles,紡織纖維,04,,,1477,Makalot　　,聚陽,TWSE
Textiles,紡織纖維,04,,,1451,NIEN HSING,年興,TWSE
Textiles,紡織纖維,04,,,1410,NYDF,南染,TWSE
Textiles,紡織纖維,04,,,4438,QVE,廣越,TWSE
Textiles,紡織纖維,04,,,1423,REWARD WOOL,利華,TWSE
Textiles,紡織纖維,04,,,4414,ROO HSING,如興,TWSE
Textiles,紡織纖維,04,,,1419,SHINKO.TEXTILE,新紡,TWSE
Textiles,紡織纖維,04,,,1409,SSFC,新纖,TWSE
Textiles,紡織纖維,04,,,1441,TAH TONG,大東,TWSE
Textiles,紡織纖維,04,,,1473,TAINAN,台南,TWSE
Textiles,紡織纖維,04,,,1440,TAINAN SPINNING,南紡,TWSE
Textiles,紡織纖維,04,,,1467,TEX-RAY,南緯,TWSE
Textiles,紡織纖維,04,,,4439,TST Group,冠星-KY,TWSE
Textiles,紡織纖維,04,,,1454,TTF,台富,TWSE
Textiles,紡織纖維,04,,,1414,TUNG HO,東和,TWSE
Textiles,紡織纖維,04,,,1418,TongHwa,東華,TWSE
Textiles,紡織纖維,04,,,1445,UNIVERSAL,大宇,TWSE
Textiles,紡織纖維,04,,,1465,WISHER,偉全,TWSE
Textiles,紡織纖維,04,,,1457,YI JINN,宜進,TWSE
Textiles,紡織纖維,04,,,4440,Yi Shin,宜新實業,TWSE
Textiles,紡織纖維,04,,,1455,ZIG SHENG,集盛,TWSE
Tourism & Hospitality,觀光餐旅,16,,,2704,AMBH,國賓,TWSE
Tourism & Hospitality,觀光餐旅,16,,,2753,Bafang,八方雲集,TWSE
Tourism & Hospitality,觀光餐旅,16,,,2722,Chateau,夏都,TWSE
Tourism & Hospitality,觀光餐旅,16,,,2748,FDC,雲品,TWSE
Tourism & Hospitality,觀光餐旅,16,,,2712,FGH,遠雄來,TWSE
Tourism & Hospitality,觀光餐旅,16,,,2706,FIRST HOTEL,第一店,TWSE
Tourism & Hospitality,觀光餐旅,16,,,2707,GFRT,晶華,TWSE
Tourism & Hospitality,觀光餐旅,16,,,2723,Gourmet,美食-KY,TWSE
Tourism & Hospitality,觀光餐旅,16,,,2702,HG,華園,TWSE
Tourism & Hospitality,觀光餐旅,16,,,9943,HOLIDAY,好樂迪,TWSE
Tourism & Hospitality,觀光餐旅,16,,,2705,LEOFOO,六福,TWSE
Tourism & Hospitality,觀光餐旅,16,,,2731,Liontravel,雄獅,TWSE
Tourism & Hospitality,觀光餐旅,16,,,7705,Mercuries F&B,三商餐飲,TWSE
Tourism & Hospitality,觀光餐旅,16,,,2739,My Humble House,寒舍,TWSE
Tourism & Hospitality,觀光餐旅,16,,,8940,New Palace,新天地,TWSE
Tourism & Hospitality,觀光餐旅,16,,,5706,PHX TOUR,鳳凰,TWSE
Tourism & Hospitality,觀光餐旅,16,,,2701,WANHWA,萬企,TWSE
Tourism & Hospitality,觀光餐旅,16,,,2727,WOWPRIME,王品,TWSE
Trading & Consumer Goods,貿易百貨,18,,,8443,ASO,阿瘦,TWSE
Trading & Consumer Goods,貿易百貨,18,,,2906,Collins,高林,TWSE
Trading & Consumer Goods,貿易百貨,18,,,2903,FEDS,遠百,TWSE
Trading & Consumer Goods,貿易百貨,18,,,2601,FSC,益航,TWSE
Trading & Consumer Goods,貿易百貨,18,,,5907,GORG,大洋-KY,TWSE
Trading & Consumer Goods,貿易百貨,18,,,8429,Jinli,金麗-KY,TWSE
Trading & Consumer Goods,貿易百貨,18,,,2911,Les enphants,麗嬰房,TWSE
Trading & Consumer Goods,貿易百貨,18,,,2905,MERCURIES,三商,TWSE
Trading & Consumer Goods,貿易百貨,18,,,2912,PCSC,統一超,TWSE
Trading & Consumer Goods,貿易百貨,18,,,4807,RH,日成-KY,TWSE
Trading & Consumer Goods,貿易百貨,18,,,2915,RUENTEX IND.LTD,潤泰全,TWSE
Trading & Consumer Goods,貿易百貨,18,,,2901,SHIN SHIN,欣欣,TWSE
Trading & Consumer Goods,貿易百貨,18,,,2945,Simple Mart,三商家購,TWSE
Trading & Consumer Goods,貿易百貨,18,,,5906,TAINAN CAYMAN,台南-KY,TWSE
Trading & Consumer Goods,貿易百貨,18,,,2910,TONLIN,統領,TWSE
Trading & Consumer Goods,貿易百貨,18,,,2929,TOPBI,淘帝-KY,TWSE
Trading & Consumer Goods,貿易百貨,18,,,2913,TTC,農林,TWSE
Trading & Consumer Goods,貿易百貨,18,,,2908,Test Rite,特力,TWSE
Trading & Consumer Goods,貿易百貨,18,,,2939,Vitafoss-KY,永邑-KY,TWSE
